代码,名称,总市值_亿
600000,浦发银行,3120.76
600004,白云机场,195.73
600006,东风股份,122.4
600007,中国国贸,215.96
600008,首创环保,231.23
600009,上海机场,513
600010,包钢股份,739.11
600011,华能国际,975.5
600012,皖通高速,196.17
600015,华夏银行,1032.48
600016,民生银行,1258.91
600018,上港集团,1192.56
600019,宝钢股份,1313.46
600021,上海电力,628.57
600022,山东钢铁,143.36
600023,浙能电力,867.55
600025,华能水电,1844.48
600026,中远海能,744.53
600027,华电国际,512.39
600028,中国石化,4595.5
600029,南方航空,739.89
600030,中信证券,3171.99
600031,三一重工,1520.31
600032,浙江新能,255.14
600036,招商银行,7841.06
600037,歌华有线,101.6
600038,中直股份,183.29
600039,四川路桥,761.73
600048,保利发展,690.69
600050,中国联通,1348.08
600056,中国医药,148.04
600057,厦门象屿,133.08
600058,五矿发展,107.41
600060,海信视像,335.7
600061,国投资本,411.77
600062,华润双鹤,173.8
600063,皖维高新,144.84
600064,南京高科,132.37
600066,宇通客车,715.1
600072,中船科技,121.88
600085,同仁堂,351.78
600089,特变电工,1280.88
600095,湘财股份,242.46
600096,云天化,558.56
600098,广州发展,280.47
600100,同方股份,267.69
600104,上汽集团,1416.22
600105,永鼎股份,698.98
600109,国金证券,321.26
600110,诺德股份,219.67
600111,北方稀土,1757.65
600113,浙江东日,155.4
600114,东睦股份,225.72
600115,中国东航,747.4
600116,三峡水利,132.32
600118,中国卫星,909.69
600120,浙江东方,164.62
600123,兰花科创,100.92
600126,杭钢股份,265.11
600131,国网信通,209.16
600132,重庆啤酒,256.12
600141,兴发集团,375.66
600143,金发科技,445.55
600150,中国船舶,2813.08
600151,航天机电,197.5
600153,建发股份,280.97
600155,华创云信,125.95
600157,永泰能源,397.08
600158,中体产业,108.23
600160,巨化股份,891.46
600161,天坛生物,267.93
600163,中闽能源,131.69
600166,福田汽车,231.98
600167,联美控股,153.87
600170,上海建工,223.93
600171,上海贝岭,205.16
600172,黄河旋风,179.7
600176,中国巨石,1685.32
600177,雅戈尔,335.96
600179,安通控股,169.17
600183,生益科技,3367.15
600184,光电股份,156.64
600185,珠免集团,102.92
600186,莲花控股,180.7
600188,兖矿能源,1299.57
600196,复星医药,492.55
600198,大唐电信,104.16
600201,生物股份,129.74
600206,有研新材,241.27
600208,衢州发展,251.84
600210,紫江企业,100.86
600211,西藏药业,124.22
600216,浙江医药,121.4
600219,南山铝业,597.15
600221,海航控股,629.83
600226,亨通股份,190.06
600233,圆通速递,641.76
600236,桂冠电力,917.51
600246,万通发展,305.68
600248,陕建股份,121.55
600256,广汇能源,403.34
600258,首旅酒店,147.39
600259,中稀有色,280.55
600267,海正药业,122.87
600268,国电南自,138.18
600269,赣粤高速,101.59
600271,航天信息,136.74
600276,恒瑞医药,3201.62
600282,南钢股份,303.32
600285,羚锐制药,120.98
600295,鄂尔多斯,267.1
600298,安琪酵母,313.72
600299,安迪苏,295.01
600301,华锡有色,151.43
600307,酒钢宏兴,100.21
600309,万华化学,2299.33
600312,平高电气,288.07
600315,上海家化,125.64
600316,洪都航空,210.69
600320,振华重工,158.89
600323,瀚蓝环境,249.9
600326,西藏天路,108.18
600329,达仁堂,230.92
600330,天通股份,403.7
600331,宏达股份,291.8
600332,白云山,302.55
600338,西藏珠峰,165.93
600339,中油工程,197.64
600343,航天动力,166.89
600345,长江通信,104.19
600346,恒力石化,1210.02
600348,华阳股份,335.14
600350,山东高速,592.23
600352,浙江龙盛,365.02
600353,旭光电子,184.16
600360,华微电子,115.24
600361,创新新材,165.36
600362,江西铜业,902.73
600363,联创光电,160.52
600366,宁波韵升,135.07
600367,红星发展,103.35
600369,西南证券,264.48
600372,中航机载,539.05
600373,中文传媒,102.67
600376,首开股份,114.27
600377,宁沪高速,490.1
600378,昊华科技,415.08
600380,健康元,186.6
600383,金地集团,124.15
600388,龙净环保,236.48
600389,江山股份,105.72
600390,五矿资本,214.11
600391,航发科技,117.63
600392,盛和资源,383.69
600395,盘江股份,120.43
600396,华电辽能,294.98
600397,江钨装备,138
600398,海澜之家,273.76
600403,大有能源,120.74
600406,国电南瑞,1994.04
600409,三友化工,128.4
600410,华胜天成,207.9
600415,小商品城,702.44
600416,湘电股份,170.16
600418,江淮汽车,808.52
600420,国药现代,124.46
600426,华鲁恒升,622.46
600428,中远海特,167.44
600435,北方导航,179.67
600436,片仔癀,774.72
600438,通威股份,664.94
600446,金证股份,123.12
600452,涪陵电力,211.89
600456,宝钛股份,152.46
600458,时代新材,109.96
600459,贵研铂业,163.26
600460,士兰微,575.77
600461,洪城环境,134.71
600475,华光环能,148.13
600480,凌云股份,133.66
600481,双良节能,112.09
600482,中国动力,840.16
600483,福能股份,319.44
600486,扬农化工,230.92
600487,亨通光电,1885.72
600489,中金黄金,1086.77
600490,鹏欣资源,146.46
600497,驰宏锌锗,479.84
600498,烽火通信,659.84
600499,科达制造,313.38
600500,中化国际,193.05
600507,方大特钢,111.73
600508,上海能源,103.42
600509,天富能源,133.87
600511,国药股份,152.56
600515,海南机场,294.55
600516,方大炭素,202.51
600517,国网英大,308.22
600518,康美药业,214.25
600519,贵州茅台,16576.08
600521,华海药业,238.96
600522,中天科技,1439.92
600528,中铁工业,165.28
600529,山东药玻,127.28
600531,豫光金铅,159.99
600535,天士力,210.2
600536,中国软件,305.07
600545,卓郎智能,140.89
600546,山煤国际,275.16
600547,山东黄金,1043.49
600548,深高速,152.93
600549,厦门钨业,844.87
600550,保变电气,246.58
600552,凯盛科技,169.37
600559,老白干酒,118.42
600562,国睿科技,296.56
600563,法拉电子,373.23
600566,济川药业,252.88
600570,恒生电子,459.59
600572,康恩贝,107.03
600575,淮河能源,162.45
600577,精达股份,279.64
600578,京能电力,627.96
600580,卧龙电驱,614.64
600582,天地科技,224.31
600583,海油工程,248.04
600584,长电科技,1468.21
600585,海螺水泥,805.94
600588,用友网络,354.34
600589,大位科技,160.41
600590,泰豪科技,107.56
600595,中孚实业,280.55
600596,新安股份,162.63
600598,北大荒,253.32
600600,青岛啤酒,433.56
600601,方正科技,560.07
600602,云赛智联,198.53
600606,绿地控股,206.6
600612,老凤祥,114
600619,海立股份,120.51
600621,华鑫股份,139.51
600623,华谊集团,163.97
600629,华建集团,169.12
600633,浙数文化,154.71
600635,大众公用,126.99
600637,东方明珠,327.11
600641,先导基电,250.34
600642,申能股份,505.04
600648,外高桥,109.91
600651,飞乐音响,160.7
600655,豫园股份,184.38
600660,福耀玻璃,1054.77
600662,外服控股,101.99
600663,陆家嘴,228.79
600666,奥瑞德,114.1
600667,太极实业,268.97
600673,东阳光,1069.15
600674,川投能源,755.56
600675,中华企业,146.92
600683,京投发展,112.6
600685,中船防务,231.89
600688,上海石化,199.34
600690,海尔智家,1305.63
600699,均胜电子,355.3
600702,舍得酒业,146.55
600703,三安光电,780.28
600704,物产中大,257.01
600707,彩虹股份,350.52
600710,苏美达,152.89
600711,盛屯矿业,377.05
600717,天津港,129.94
600724,宁波富达,100.13
600726,华电能源,757.25
600728,佳都科技,103
600732,爱旭股份,254.03
600733,北汽蓝谷,339.44
600737,中粮糖业,275.91
600739,辽宁成大,164.6
600741,华域汽车,526.82
600744,华银电力,184.02
600750,华润江中,157.49
600754,锦江酒店,184.92
600755,厦门国贸,126.44
600760,中航沈飞,1216.14
600761,安徽合力,158.54
600763,通策医疗,167.33
600764,中国海防,145.32
600765,中航重机,221.39
600773,西藏城投,160.06
600776,东方通信,139.38
600779,水井坊,174.53
600783,鲁信创投,156.91
600787,中储股份,103.73
600795,国电电力,918.53
600801,华新建材,250.09
600803,新奥股份,600.52
600808,马钢股份,176.05
600809,山西汾酒,1565.21
600816,建元信托,169
600820,隧道股份,180.79
600821,金开新能,159.55
600827,百联股份,136.22
600835,上海机电,176.71
600839,四川长虹,332.28
600845,宝信软件,430.01
600848,上海临港,214.49
600850,电科数字,165.49
600859,王府井,125.64
600862,中航高科,248.24
600863,华能蒙电,476.46
600864,哈投股份,116.3
600867,通化东宝,164.71
600869,远东股份,534.86
600871,石化油服,314.29
600872,中炬高新,151.34
600873,梅花生物,264.16
600875,东方电气,797.38
600877,电科芯片,172.16
600879,航天电子,643.69
600884,杉杉股份,268.84
600885,宏发股份,523.71
600886,国投电力,1065.95
600887,伊利股份,1694.33
600888,新疆众和,179.85
600893,航发动力,1106.56
600895,张江高科,538.01
600900,长江电力,6789.93
600901,江苏金租,361.9
600903,贵州燃气,107.53
600905,三峡能源,1192.11
600906,财达证券,141.69
600908,无锡银行,108.96
600909,华安证券,360.24
600916,中国黄金,133.39
600918,中泰证券,248.22
600919,江苏银行,2071.86
600926,杭州银行,1160.57
600927,永安期货,202.47
600928,西安银行,155.26
600930,华电新能,207.68
600933,爱柯迪,156.57
600938,中国海油,1028.56
600941,中国移动,894.64
600956,新天绿能,213.44
600958,东方证券,695.41
600959,江苏有线,176.53
600961,株冶集团,190.51
600967,内蒙一机,215.62
600968,海油发展,398.47
600970,中材国际,232.55
600977,中国电影,270.34
600985,淮北矿业,397.26
600986,浙文互联,131.48
600988,赤峰黄金,555.25
600989,宝丰能源,1760.01
600993,马应龙,104.09
600995,南网储能,499.22
600996,贵广网络,115.33
600998,九州通,242.04
600999,招商证券,1261
601000,唐山港,260.15
601001,晋控煤业,307.29
601003,柳钢股份,102.77
601005,重庆钢铁,108.08
601006,大秦铁路,1045.64
601009,南京银行,1332.79
601012,隆基绿能,1052.59
601016,节能风电,304.33
601018,宁波港,677.01
601019,山东出版,150.05
601020,华钰矿业,201.38
601021,春秋航空,479.38
601022,宁波远洋,107.44
601058,赛轮轮胎,415.29
601059,信达证券,557.8
601061,中信金属,644.84
601066,中信建投,1584.29
601068,中铝国际,141.55
601069,西部黄金,243.44
601077,渝农商行,586.86
601088,中国神华,7737.6
601098,中南传媒,195.58
601099,太平洋,229.03
601100,恒立液压,1462.97
601101,昊华能源,173.66
601106,中国一重,255.8
601107,四川成渝,136.9
601108,财通证券,364.54
601111,中国国航,792.56
601117,中国化学,468.57
601118,海南橡胶,273.03
601126,四方股份,642.74
601127,赛力斯,1268.5
601128,常熟银行,235.14
601133,柏诚股份,139.33
601136,首创证券,397.97
601137,博威合金,181.46
601138,工业富联,14565.56
601139,深圳燃气,186.41
601155,新城控股,295.94
601156,东航物流,155.57
601158,重庆水务,207.36
601162,天风证券,288.03
601163,三角轮胎,114.32
601166,兴业银行,3915.13
601168,西部矿业,727.53
601169,北京银行,1076.18
601179,中国西电,849.36
601186,中国铁建,736.21
601187,厦门银行,187.5
601198,东兴证券,432.18
601200,上海环境,102.99
601208,东材科技,505.09
601211,国泰海通,2075.82
601212,白银有色,464.28
601216,君正集团,432.03
601222,林洋能源,134.72
601225,陕西煤业,2495.49
601228,广州港,232.37
601229,上海银行,1283.07
601231,环旭电子,1070.8
601233,桐昆股份,453.09
601236,红塔证券,323.57
601238,广汽集团,448.19
601288,农业银行,20176.23
601298,青岛港,492.3
601311,骆驼股份,101.83
601318,中国平安,5703.13
601319,中国人保,2428.05
601326,秦港股份,157.95
601328,交通银行,1736.42
601333,广深铁路,174.65
601336,新华保险,1245.01
601339,百隆东方,111.57
601360,三六零,706.96
601369,陕鼓动力,163.8
601375,中原证券,139.28
601377,兴业证券,496.57
601390,中国中铁,976.84
601398,工商银行,19466
601399,国机重装,277
601456,国联民生,380.36
601512,中新集团,130.4
601519,大智慧,199.71
601555,东吴证券,389.55
601567,三星电气,229.75
601568,北元化工,150.15
601577,长沙银行,381.96
601598,中国外运,313.06
601600,中国铝业,1504.4
601601,中国太保,2202.73
601606,长城军工,248.48
601607,上海医药,459.66
601608,中信重工,254.62
601609,金田股份,213.49
601611,中国核建,362.56
601615,明阳智能,373.83
601618,中国中冶,505.23
601619,嘉泽新能,134.39
601628,中国人寿,7044.6
601633,长城汽车,1048.74
601636,旗滨集团,197.93
601658,邮储银行,3611.88
601665,齐鲁银行,374.15
601666,平煤股份,194.09
601668,中国建筑,1995.77
601669,中国电建,698.02
601677,明泰铝业,232.37
601678,滨化股份,109.93
601688,华泰证券,1328.37
601689,拓普集团,1084.41
601696,中银证券,316.69
601698,中国卫通,1271.54
601699,潞安环能,478.63
601702,华峰铝业,205.4
601717,中创智领,280.06
601727,上海电气,1016.82
601728,中国电信,4696.6
601766,中国中车,1403.71
601777,千里科技,487.83
601778,晶科科技,221.64
601788,光大证券,557.49
601799,星宇股份,362.81
601800,中国交建,760.05
601801,皖新传媒,111.21
601808,中海油服,385.75
601811,新华文轩,102.71
601816,京沪高铁,2456.07
601818,光大银行,1438.61
601825,沪农商行,796.83
601827,三峰环境,138.44
601838,成都银行,788.35
601857,中国石油,17600.93
601858,中国科传,195.17
601865,福莱特,221.66
601866,中远海发,245.75
601868,中国能建,937.19
601869,长飞光纤,1636.77
601872,招商轮船,1280.62
601877,正泰电器,626.21
601878,浙商证券,431.77
601880,辽港股份,296.45
601881,中国银河,889.49
601882,海天精工,112.96
601886,江河集团,101.86
601888,中国中免,1163.28
601898,中煤能源,1435.03
601899,紫金矿业,6271.19
601900,南方传媒,103.98
601901,方正证券,567.19
601916,浙商银行,646.33
601918,新集能源,265.53
601919,中远海控,1775.45
601921,浙版传媒,166
601928,凤凰传媒,227.77
601933,永辉超市,335.78
601939,建设银行,955.53
601952,苏垦农发,118.92
601958,金钼股份,779.87
601963,重庆银行,244.49
601965,中国汽研,156.25
601966,玲珑轮胎,175.77
601969,海南矿业,190.54
601975,招商南油,227.46
601985,中国核电,1707.05
601988,中国银行,12350.86
601990,南京证券,246.99
601991,大唐发电,1069.78
601992,金隅集团,132.51
601995,中金公司,987.86
601997,贵阳银行,216.81
601998,中信银行,3024.61
603000,人民网,193.83
603002,宏昌电子,188.03
603005,晶方科技,267.65
603009,北特科技,163.32
603011,合锻智能,123.21
603019,中科曙光,1290.4
603025,大豪科技,171.59
603026,石大胜华,204.06
603031,安孚科技,188.95
603033,三维股份,104.39
603039,泛微网络,112.72
603040,新坐标,116.13
603050,科林电气,100.71
603052,可川科技,178.77
603057,紫燕食品,109.84
603061,金海通,256.65
603063,禾望电气,255.78
603067,振华股份,264.89
603077,和邦生物,217.26
603078,江化微,133.82
603083,剑桥科技,572.4
603087,甘李药业,291.65
603093,南华期货,134.21
603099,长白山,106.08
603103,横店影视,145.36
603112,华翔股份,108.2
603115,海星股份,258.44
603118,共进股份,100.69
603119,浙江荣泰,174.53
603124,江南新材,106.68
603127,昭衍新药,221.7
603129,春风动力,343.8
603132,金徽股份,168.61
603156,养元饮品,538.64
603160,汇顶科技,284.24
603163,圣晖集成,103.66
603169,兰石重装,102.54
603171,税友股份,194.02
603179,新泉股份,372.03
603185,弘元绿能,125.48
603186,华正新材,207.12
603195,公牛集团,748.72
603198,迎驾贡酒,295.6
603203,快克智能,168.18
603218,日月股份,121.31
603220,中贝通信,101.36
603225,新凤鸣,283.32
603226,菲林格尔,172.06
603228,景旺电子,772.63
603233,大参林,187.91
603235,天新药业,105.94
603236,移远通信,196.5
603256,宏和科技,1778.37
603259,药明康德,2512.85
603260,合盛硅业,450.07
603267,鸿远电子,160.05
603268,松发股份,320.49
603281,江瀚新材,131.79
603283,赛腾股份,171.33
603288,海天味业,1997.37
603290,斯达半导,308.2
603296,华勤技术,607
603297,永新光学,145.03
603298,杭叉集团,333.74
603300,海南华铁,111.3
603301,振德医疗,220.31
603303,得邦照明,137.26
603305,旭升集团,173.01
603306,华懋科技,360.73
603308,应流股份,439.14
603317,天味食品,157.68
603319,美湖股份,122.81
603327,福蓉科技,106.43
603328,依顿电子,126.1
603337,杰克科技,188.78
603338,浙江鼎力,258.9
603345,安井食品,292.27
603355,莱克电气,157.11
603358,华达科技,177.47
603360,百傲化学,151.48
603369,今世缘,377.78
603379,三美股份,351.09
603392,万泰生物,438.24
603393,新天然气,112.53
603444,吉比特,239.14
603456,九洲药业,112.43
603486,科沃斯,336.67
603501,豪威集团,1150.06
603505,金石资源,153.6
603515,欧普照明,141.96
603516,淳中科技,227.68
603529,爱玛科技,182.65
603530,神马电力,245.79
603533,掌阅科技,105.51
603538,美诺华,107.54
603556,海兴电力,130.76
603565,中谷物流,218.41
603568,伟明环保,308.7
603588,高能环境,187.51
603589,口子窖,133.2
603596,伯特利,288.05
603599,广信股份,101.86
603601,再升科技,241.95
603605,珀莱雅,244.75
603606,东方电缆,368.69
603612,索通发展,103.61
603613,国联股份,169.33
603618,杭电股份,295.29
603619,中曼石油,119.98
603626,科森科技,133.17
603629,利通电子,621.16
603638,艾迪精密,181.93
603650,彤程新材,323.7
603658,安图生物,191.54
603659,璞泰来,654.38
603662,柯力传感,170.04
603663,三祥新材,248.91
603667,五洲新春,262.79
603678,火炬电子,230.36
603688,石英股份,364.12
603693,江苏新能,158.42
603698,航天工程,174.73
603699,纽威股份,435.55
603707,健友股份,130.54
603712,七一二,113.48
603728,鸣志电器,256.86
603730,岱美股份,276.74
603733,仙鹤股份,161.71
603737,三棵树,267.75
603738,泰晶科技,167.55
603757,大元泵业,102.19
603766,隆鑫通用,267.99
603773,沃格光电,233.82
603778,国晟科技,107.49
603786,科博达,196.15
603799,华友钴业,1034.41
603800,洪田股份,128.46
603806,福斯特,466.97
603816,顾家家居,236.18
603823,百合花,106.26
603826,坤彩科技,210.12
603833,欧派家居,238.67
603858,步长制药,157.45
603859,能科科技,101.77
603868,飞科电器,162.39
603871,嘉友国际,159.51
603876,鼎胜新材,245.79
603881,数据港,254.31
603882,金域医学,117.79
603885,吉祥航空,259.9
603888,新华网,123.21
603890,春秋电子,110.85
603893,瑞芯微,739.42
603897,长城科技,100.49
603899,晨光股份,212.28
603906,龙蟠科技,142.1
603915,国茂股份,107.43
603919,金徽酒,108.86
603920,世运电路,441.15
603927,中科软,123.08
603929,亚翔集成,322.6
603931,格林达,127.72
603936,博敏电子,151.17
603938,三孚股份,173.37
603939,益丰药房,256.3
603950,长源东谷,236.2
603979,金诚信,462.73
603985,恒润股份,104.04
603986,兆易创新,3118.9
603989,艾华集团,142.8
603992,松霖科技,124.32
603993,洛阳钼业,3232
603997,继峰股份,176.97
605006,山东玻纤,115.12
605016,百龙创园,103.74
605020,永和股份,166.77
605060,联德股份,119.16
605090,九丰能源,255.95
605099,共创草坪,170.22
605111,新洁能,276.65
605117,德业股份,1472.22
605118,力鼎光电,147.19
605123,派克新材,121.16
605133,嵘泰股份,101.84
605168,三人行,103.68
605196,华通线缆,199.51
605198,安德利,153.48
605222,起帆电缆,124.94
605255,天普股份,125.45
605289,罗曼股份,180
605296,神农集团,140.48
605318,法狮龙,115.82
605358,立昂微,371.81
605376,博迁新材,466.51
605389,长龄液压,150.82
605499,东鹏饮料,962.92
605507,国邦医药,119.78
605589,圣泉集团,392.42
605598,上海港湾,112.76
605599,菜百股份,124.52
000001,平安银行,2121.03
000002,万科A,344.95
000006,深振业A,122.85
000009,中国宝安,190.63
000021,深科技,626.31
000027,深圳能源,384.4
000028,国药一致,112.92
000029,深深房A,220.69
000031,大悦城,111.87
000032,深桑达A,179.42
000034,神州数码,219.42
000035,中国天楹,136.24
000039,中集集团,253.62
000050,深天马A,185.6
000060,中金岭南,342.41
000061,农产品,115.91
000062,深圳华强,304.48
000063,中兴通讯,1478.94
000065,北方国际,119.53
000066,中国长城,574.15
000069,华侨城A,133.83
000070,特发信息,154.81
000088,盐田港,141.38
000089,深圳机场,139.45
000099,中信海直,121.02
000100,TCL科技,818.85
000155,川能动力,263.08
000156,华数传媒,118.14
000157,中联重科,509.72
000158,常山北明,243.43
000166,申万宏源,993.82
000301,东方盛虹,796.28
000333,美的集团,5547.01
000338,潍柴动力,1750.47
000400,许继电气,269.31
000401,金隅冀东,104.99
000403,派林生物,121.35
000408,藏格矿业,1210.88
000410,沈阳机床,103.68
000415,渤海租赁,222.19
000420,吉林化纤,109.63
000422,湖北宜化,149.37
000423,东阿阿胶,321.36
000425,徐工机械,874.45
000426,兴业银锡,704.76
000429,粤高速A,182.6
000506,招金黄金,131.78
000510,新金路,101
000513,丽珠集团,175.33
000519,中兵红箭,273.92
000528,柳工,182.67
000534,万泽股份,164.45
000536,华映科技,107.48
000537,绿发电力,225.72
000538,云南白药,885.4
000539,粤电力A,226.92
000543,皖能电力,222.15
000547,航天发展,322.59
000552,甘肃能化,101.71
000553,安道麦A,136.5
000555,神州信息,124.56
000559,万向钱潮,489.86
000563,陕国投A,152.4
000564,供销大集,262.65
000567,海德股份,121.59
000568,泸州老窖,1339.43
000581,威孚高科,153.06
000582,北部湾港,292.68
000591,太阳能,236.94
000592,平潭发展,164.31
000596,古井贡酒,380.12
000598,兴蓉环境,208.84
000600,建投能源,136.8
000603,盛达资源,206.02
000612,焦作万方,137.82
000617,中油资本,986.08
000620,盈新发展,130.81
000623,吉林敖东,205.44
000625,长安汽车,654.76
000628,高新发展,117.05
000629,钒钛股份,317.73
000630,铜陵有色,768.87
000636,风华高科,613.56
000651,格力电器,2162.97
000657,中钨高新,987.99
000661,长春高新,294
000672,上峰水泥,165.18
000680,山推股份,141.46
000681,视觉中国,139.22
000682,东方电子,187.55
000683,博源化工,240.63
000685,中山公用,142.86
000686,东北证券,186.3
000688,国城矿业,499.86
000690,宝新能源,134.6
000700,模塑科技,130.17
000703,恒逸石化,488.55
000708,中信特钢,713.67
000709,河钢股份,230.48
000712,锦龙股份,100.68
000723,美锦能源,190.3
000725,京东方A,1857.06
000727,冠捷科技,124.11
000728,国元证券,311.14
000729,燕京啤酒,320.48
000733,振华科技,285.3
000737,北方铜业,264.73
000738,航发控制,251.73
000739,普洛药业,192.35
000750,国海证券,215.62
000758,中色股份,132.84
000762,西藏矿业,154
000766,通化金马,223.82
000767,晋控电力,162.5
000768,中航西飞,603.87
000776,广发证券,1115.27
000778,新兴铸管,174.82
000783,长江证券,449.59
000785,居然智家,139.89
000786,北新建材,386.9
000791,甘肃能源,190.47
000792,盐湖股份,1628.2
000795,英洛华,100.1
000799,酒鬼酒,148.61
000800,一汽解放,299.19
000801,四川九洲,126.59
000807,云铝股份,988.01
000810,创维数字,127.83
000811,冰轮环境,322.19
000815,美利云,111.73
000825,太钢不锈,220.44
000828,东莞控股,105.2
000830,鲁西化工,247.35
000831,中国稀土,517.88
000833,粤桂股份,105.94
000837,秦川机床,116.86
000839,国安股份,117.2
000858,五粮液,3295.02
000875,电投绿能,239.98
000876,新希望,355.05
000877,天山股份,308.6
000878,云南铜业,355.04
000883,湖北能源,345.36
000887,中鼎股份,278.25
000893,亚钾国际,359.63
000895,双汇发展,866.75
000898,鞍钢股份,162.33
000899,赣能股份,136.99
000901,航天科技,151.74
000902,新洋丰,148.79
000917,电广传媒,112.83
000921,海信家电,226.41
000927,中国铁物,163.36
000932,华菱钢铁,274.79
000933,神火股份,652.88
000935,四川双马,224.76
000937,冀中能源,186.78
000938,紫光股份,819.12
000949,新乡化纤,112.97
000950,重药控股,100.41
000951,中国重汽,251.22
000958,电投产融,328.39
000959,首钢股份,269
000960,锡业股份,617.04
000962,东方钽业,299.29
000963,华东医药,508.72
000966,长源电力,176.12
000967,盈峰环境,351.23
000969,安泰科技,239.2
000970,中科三环,135.92
000973,佛塑科技,142.79
000975,山金国际,566.72
000977,浪潮信息,948.01
000980,众泰汽车,135.64
000981,山子高科,341.53
000983,山西焦煤,385.47
000987,越秀资本,402.57
000988,华工科技,1526.77
000990,诚志股份,116.42
000997,新大陆,208.34
000998,隆平高科,111.59
000999,华润三九,406.53
001203,大中矿业,509.33
001213,中铁特货,169.33
001267,汇绿生态,352.6
001270,铖昌科技,298.6
001280,中国铀业,114.57
001286,陕西能源,173.07
001287,中电港,197.5
001289,龙源电力,944.86
001301,尚太科技,162.56
001308,康冠科技,108.9
001309,德明利,1032.49
001330,博纳影业,105.24
001331,胜通能源,137.56
001337,四川黄金,206.35
001339,智微智能,129.51
001389,广合科技,298.62
001696,宗申动力,131.39
001872,招商港口,513.35
001896,豫能控股,249.77
001914,招商积余,102.11
001965,招商公路,682.23
001979,招商蛇口,742.08
002001,新和成,891.93
002007,华兰生物,216.2
002008,大族激光,1261.45
002010,传化智联,146.97
002011,盾安环境,132.13
002015,协鑫能科,379.53
002025,航天电器,295.7
002027,分众传媒,805.87
002028,思源电气,1234.5
002031,巨轮智能,119.41
002032,苏泊尔,360.97
002043,兔宝宝,106.92
002044,美年健康,220.44
002046,国机精工,280.99
002048,宁波华翔,185.05
002049,紫光国微,673.66
002050,三花智控,1707.26
002051,中工国际,135.03
002053,云南能投,106.07
002056,横店东磁,409.67
002063,远光软件,104.18
002064,华峰化学,500.65
002065,东华软件,216.06
002074,国轩高科,572.09
002078,太阳纸业,383.55
002079,苏州固锝,100.92
002080,中材科技,1193.98
002081,金螳螂,162.89
002085,万丰奥威,251.82
002091,江苏国泰,142.72
002092,中泰化学,119.51
002096,易普力,127.02
002120,韵达股份,194.24
002121,科陆电子,116.31
002126,银轮股份,396.47
002128,电投能源,693.77
002129,TCL中环,393.88
002130,沃尔核材,252.21
002131,利欧股份,350.12
002138,顺络电子,380.9
002139,拓邦股份,111.07
002142,宁波银行,2047.81
002145,钛能化学,165.2
002149,西部材料,293.18
002150,正泰电源,112.94
002151,北斗星通,151.18
002152,广电运通,258.64
002153,石基信息,131.66
002155,湖南黄金,379.38
002156,通富微电,1001.52
002157,正邦科技,241.41
002158,汉钟精机,161.4
002167,东方锆业,101.67
002169,智光电气,124.65
002171,楚江新材,192.36
002174,游族网络,110.17
002176,江特电机,200.54
002179,中航光电,763.55
002180,奔图科技,216.01
002181,粤传媒,187.31
002182,宝武镁业,123.68
002183,怡亚通,159.72
002185,华天科技,631.68
002192,融捷股份,210.14
002195,岩山科技,431.04
002202,金风科技,787.73
002203,海亮股份,453.71
002204,大连重工,118.01
002208,合肥城建,137
002217,合力泰,188.53
002222,福晶科技,470.77
002223,鱼跃医疗,249.05
002226,江南化工,134.83
002230,科大讯飞,1048.67
002236,大华股份,399.08
002237,恒邦股份,160.49
002240,盛新锂能,414.92
002241,歌尔股份,843.32
002243,力合科创,109.1
002244,滨江集团,286.23
002245,蔚蓝锂芯,332.24
002246,北化股份,119.03
002249,大洋电机,159.75
002250,联化科技,127.53
002251,步步高,105.04
002252,上海莱士,352.25
002254,泰和新材,114.75
002261,拓维信息,340.16
002262,恩华药业,179.35
002265,建设工业,211.26
002266,浙富控股,249.39
002268,电科网安,119.6
002270,华明装备,199.59
002271,东方雨虹,260.95
002273,水晶光电,536.11
002276,万马股份,119.44
002281,光迅科技,1589.79
002283,天润工业,112.22
002287,奇正藏药,120.18
002290,禾盛新材,224.13
002294,信立泰,372.49
002297,博云新材,118.12
002299,圣农发展,207.1
002304,洋河股份,683.76
002310,东方新能,128.45
002311,海大集团,769.96
002312,川发龙蟒,170.49
002317,众生药业,179.28
002318,久立特材,224.54
002320,海峡股份,170.37
002326,永太科技,167.29
002335,科华数据,257.69
002338,奥普光电,133.8
002340,格林美,395.93
002342,巨力索具,107.88
002348,高乐股份,138.87
002352,顺丰控股,1667.12
002353,杰瑞股份,970.22
002354,天娱数科,116.24
002361,神剑股份,123.21
002364,中恒电气,312.82
002366,融发核电,127.67
002371,北方华创,4561.85
002372,伟星新材,147.53
002373,千方科技,110.34
002378,章源钨业,345.75
002379,宏桥控股,241.59
002384,东山精密,2953.56
002385,大北农,116.03
002387,维信诺,112.02
002389,航天彩虹,194.39
002396,星网锐捷,171.86
002399,海普瑞,123.97
002400,省广集团,140.16
002402,和而泰,222.57
002405,四维图新,205.64
002407,多氟多,363.54
002408,齐翔腾达,140.31
002409,雅克科技,342.95
002410,广联达,155.44
002413,雷科防务,135.63
002414,高德红外,437.4
002415,海康威视,2764.58
002416,爱施德,129
002422,科伦药业,472.31
002423,中粮资本,211.29
002426,胜利精密,113.31
002428,云南锗业,595.44
002429,兆驰股份,524.82
002430,杭氧股份,242.92
002432,九安医疗,354.96
002436,兴森科技,587.14
002439,启明星辰,102.51
002444,巨星科技,371.54
002456,欧菲光,297.24
002459,晶澳科技,301.16
002460,赣锋锂业,865.78
002461,珠江啤酒,219.12
002463,沪电股份,2538.88
002465,海格通信,392.5
002466,天齐锂业,927.94
002468,申通快递,224.01
002472,双环传动,293.65
002475,立讯精密,5332.54
002484,江海股份,638.74
002487,大金重工,460.51
002491,通鼎互联,281.53
002493,荣盛石化,1051.47
002497,雅化集团,242.75
002498,汉缆股份,272.13
002500,山西证券,186.67
002506,协鑫集成,202.22
002507,涪陵榨菜,134.99
002508,老板电器,161.6
002517,恺英网络,303.01
002518,科士达,306.81
002531,天顺风能,197.08
002532,天山铝业,613.15
002534,西子洁能,166.39
002536,飞龙股份,210.41
002539,云图控股,112.29
002544,普天科技,147.66
002545,东方铁塔,246.38
002549,凯美特气,105.38
002552,宝鼎科技,212.63
002555,三七互娱,304.77
002557,洽洽食品,110.8
002558,巨人网络,495.29
002563,森马服饰,120.95
002565,顺灏股份,154.65
002568,百润股份,150.63
002579,中京电子,100.06
002580,圣阳股份,109.83
002583,海能达,107.49
002594,比亚迪,3353.42
002595,豪迈科技,602.6
002597,金禾实业,118.67
002600,领益智造,1047.56
002601,龙佰集团,284.23
002602,世纪华通,990.98
002603,以岭药业,223.27
002607,中公教育,134.15
002608,江苏国信,347.58
002611,东方精工,167.72
002617,露笑科技,173.3
002624,完美世界,256.07
002625,光启技术,866.36
002636,金安国纪,387.58
002639,雪人集团,113.33
002643,万润股份,135.03
002645,华宏科技,164.72
002647,仁东控股,118.18
002648,卫星化学,783.38
002653,海思科,276.82
002654,万润科技,129.41
002655,共达电声,147.4
002668,TCL智家,101.26
002670,国盛证券,187.33
002673,西部证券,294.55
002683,广东宏大,213.63
002698,博实股份,105.7
002701,奥瑞金,128.64
002703,浙江世宝,110.41
002705,新宝股份,104.16
002706,良信股份,133.96
002709,天赐材料,785.14
002714,牧原股份,1446.73
002716,湖南白银,218.3
002730,电光科技,104.26
002733,雄韬股份,123.27
002736,国信证券,972.78
002738,中矿资源,440.18
002739,儒意电影,193.4
002741,光华科技,123.05
002745,木林森,110.56
002747,埃斯顿,216.88
002755,奥赛康,135.14
002756,永兴材料,241.77
002759,天际股份,139.76
002768,国恩股份,111.81
002773,康弘药业,144.22
002779,中坚科技,116.7
002782,可立克,134.86
002792,通宇通讯,140.91
002796,世嘉科技,109.37
002797,第一创业,294.17
002807,江阴银行,107.06
002812,恩捷股份,579.71
002815,崇达技术,128.23
002821,凯莱英,372.22
002831,裕同科技,196.94
002837,英维克,791.32
002838,道恩股份,141.92
002839,张家港行,103.54
002841,视源股份,189.79
002847,盐津铺子,143.94
002850,科达利,350
002851,麦格米特,577.42
002859,洁美科技,280.88
002865,钧达股份,172.23
002867,周大生,135.97
002885,京泉华,104.87
002895,川恒股份,202.88
002896,中大力德,149
002897,意华股份,140.28
002901,大博医疗,117.1
002906,华阳集团,151.88
002911,佛燃能源,143.94
002913,奥士康,157.78
002916,深南电路,2735.09
002920,德赛西威,607.12
002922,伊戈尔,160.38
002925,盈趣科技,139.34
002926,华西证券,212.36
002928,华夏航空,100.98
002929,润建股份,156.93
002931,锋龙股份,105.76
002936,郑州银行,124.42
002938,鹏鼎控股,2425.14
002939,长城证券,306.23
002943,宇晶股份,120.63
002945,华林证券,393.66
002946,新乳业,159.34
002947,恒铭达,175.14
002948,青岛银行,173.99
002957,科瑞技术,259.75
002958,青农商行,156.11
002961,瑞达期货,105.31
002966,苏州银行,358.23
002967,广电计量,114.48
002969,嘉美包装,203.8
002975,博杰股份,198.2
002978,安宁股份,102.4
002979,雷赛智能,120.9
002980,华盛昌,110.63
002984,森麒麟,108.66
002987,京北方,115.89
002993,奥海科技,154.37
003018,金富科技,159.83
003021,兆威机电,200.81
003022,联泓新科,330.81
003031,中瓷电子,482.68
003035,南网能源,283.33
003036,泰坦股份,153.56
003816,中国广核,1801.55
003043,华亚智能,124.47
